{
   "Laplacian": {
      "blurred_0": 3.061807218704508e-05,
      "blurred_1": 0.0,
      "blurred_2": 0.0,
      "blurred_3": 0.0,
      "blurred_4": 0.0,
      "blurred_overall": 0.0,
      "scattered_0": 0.317829441093472,
      "scattered_1": 0.2820306200209162,
      "scattered_2": 0.26575489864489477,
      "scattered_3": 0.25573409586367596,
      "scattered_4": 0.24846456563728747,
      "scattered_overall": 0.17164006449672556,
      "noise_0": 0.3802464286419854,
      "noise_1": 0.2554542648572007,
      "noise_2": 0.1962564456247034,
      "noise_3": 0.16150819850484618,
      "noise_4": 0.1387127680270403,
      "noise_overall": 0.11248952158195383,
      "gamma_w_0": 0.822081633041045,
      "gamma_w_1": 0.34983410073307303,
      "gamma_w_2": 0.1615755563883195,
      "gamma_w_3": 0.08209527861522854,
      "gamma_w_4": 0.045509524696185195,
      "gamma_w_overall": 0.07342060987600924,
      "gamma_d_0": 0.829988905965987,
      "gamma_d_1": 0.4472158487227277,
      "gamma_d_2": 0.30116007619325263,
      "gamma_d_3": 0.22864362451838866,
      "gamma_d_4": 0.18661493994538136,
      "gamma_d_overall": 0.16546177562972827,
      "m_blurred_v_0": 0.16119146560203582,
      "m_blurred_v_1": 0.03629336890501638,
      "m_blurred_v_2": 0.05531969766513585,
      "m_blurred_v_3": 0.019266730175637625,
      "m_blurred_v_4": 0.033023585020488,
      "m_blurred_v_overall": 0.0224551529896102,
      "m_blurred_h_0": 0.19832855791666298,
      "m_blurred_h_1": 0.045325733701578184,
      "m_blurred_h_2": 0.06873536984886698,
      "m_blurred_h_3": 0.024335614140322273,
      "m_blurred_h_4": 0.041133845399750193,
      "m_blurred_h_overall": 0.028022579827951984
   },
   "Canny": {
      "blurred_0": 0.07402107830121969,
      "blurred_1": 0.0048165077345616245,
      "blurred_2": 7.475806017453996e-05,
      "blurred_3": 0.0,
      "blurred_4": 0.0,
      "blurred_overall": 0.000331068256994047,
      "scattered_0": 0.4689476752965991,
      "scattered_1": 0.43312932161849416,
      "scattered_2": 0.41480879129623904,
      "scattered_3": 0.40298637081979843,
      "scattered_4": 0.39451083548329646,
      "scattered_overall": 0.26998329057357023,
      "noise_0": 0.413825517201312,
      "noise_1": 0.28097792591327425,
      "noise_2": 0.2212172346994575,
      "noise_3": 0.18806101281104395,
      "noise_4": 0.16758003581791953,
      "noise_overall": 0.1305277051344666,
      "gamma_w_0": 0.8770552120827492,
      "gamma_w_1": 0.5805011984494811,
      "gamma_w_2": 0.4156401254969543,
      "gamma_w_3": 0.3025178248644201,
      "gamma_w_4": 0.2204496960768987,
      "gamma_w_overall": 0.2134089138896163,
      "gamma_d_0": 0.8624498633270463,
      "gamma_d_1": 0.4710541498148571,
      "gamma_d_2": 0.29737662388362285,
      "gamma_d_3": 0.2109357583859208,
      "gamma_d_4": 0.16292348297866982,
      "gamma_d_overall": 0.15668724031030296,
      "m_blurred_v_0": 0.26604741321709247,
      "m_blurred_v_1": 0.05126739082533234,
      "m_blurred_v_2": 0.08455729400621408,
      "m_blurred_v_3": 0.023703104620283758,
      "m_blurred_v_4": 0.04940041140991178,
      "m_blurred_v_overall": 0.03260619588921727,
      "m_blurred_h_0": 0.30706696879069845,
      "m_blurred_h_1": 0.05517826662113876,
      "m_blurred_h_2": 0.10998333811222898,
      "m_blurred_h_3": 0.029115755465066534,
      "m_blurred_h_4": 0.06662519614310591,
      "m_blurred_h_overall": 0.04193286625421466
   },
   "Prewitt": {
      "blurred_0": 0.000406337621054405,
      "blurred_1": 0.0,
      "blurred_2": 0.0,
      "blurred_3": 0.0,
      "blurred_4": 0.0,
      "blurred_overall": 0.0,
      "scattered_0": 0.15259081461905735,
      "scattered_1": 0.14147374846664348,
      "scattered_2": 0.1357297269935272,
      "scattered_3": 0.1321575460791907,
      "scattered_4": 0.12917581988024457,
      "scattered_overall": 0.08840727468081656,
      "noise_0": 0.3672731062727262,
      "noise_1": 0.2127096114563741,
      "noise_2": 0.1413033926118153,
      "noise_3": 0.10194987397526564,
      "noise_4": 0.07743408174748803,
      "noise_overall": 0.07406015637305025,
      "gamma_w_0": 0.3604211062533534,
      "gamma_w_1": 0.09070561114182636,
      "gamma_w_2": 0.0286751865822295,
      "gamma_w_3": 0.010247808227690662,
      "gamma_w_4": 0.004963069050686551,
      "gamma_w_overall": 0.01324344567947357,
      "gamma_d_0": 0.3914038143329024,
      "gamma_d_1": 0.20949101451494642,
      "gamma_d_2": 0.1596456353511156,
      "gamma_d_3": 0.13135459878327468,
      "gamma_d_4": 0.11451106646330535,
      "gamma_d_overall": 0.09205935649468153,
      "m_blurred_v_0": 0.10131817973443977,
      "m_blurred_v_1": 0.01700060177630946,
      "m_blurred_v_2": 0.03841767315468103,
      "m_blurred_v_3": 0.00957887220412819,
      "m_blurred_v_4": 0.022724863453226576,
      "m_blurred_v_overall": 0.014231467900730828,
      "m_blurred_h_0": 0.11140918089612994,
      "m_blurred_h_1": 0.017572254594585886,
      "m_blurred_h_2": 0.04355135429958591,
      "m_blurred_h_3": 0.010132931440620885,
      "m_blurred_h_4": 0.02535379754690333,
      "m_blurred_h_overall": 0.015765929846882246
   },
   "Sobel": {
      "blurred_0": 0.37101326971457566,
      "blurred_1": 0.1943086127622554,
      "blurred_2": 0.13749367231244639,
      "blurred_3": 0.10412811636557967,
      "blurred_4": 0.08065452446257712,
      "blurred_overall": 0.07361989362227969,
      "scattered_0": 0.6331867392020477,
      "scattered_1": 0.6057847911795495,
      "scattered_2": 0.5932346082270743,
      "scattered_3": 0.5851228395010543,
      "scattered_4": 0.5795303231059509,
      "scattered_overall": 0.3910495879040443,
      "noise_0": 0.542500750580902,
      "noise_1": 0.3901489674861514,
      "noise_2": 0.31648781694963807,
      "noise_3": 0.2747915008050961,
      "noise_4": 0.2492543460824003,
      "noise_overall": 0.18963443254202114,
      "gamma_w_0": 0.8902223414180719,
      "gamma_w_1": 0.6950789538883316,
      "gamma_w_2": 0.5809132730076971,
      "gamma_w_3": 0.49257149932955097,
      "gamma_w_4": 0.4237917075738735,
      "gamma_w_overall": 0.3353191218791915,
      "gamma_d_0": 0.8797020605890968,
      "gamma_d_1": 0.5867833544787275,
      "gamma_d_2": 0.4085735394797919,
      "gamma_d_3": 0.29976678749032565,
      "gamma_d_4": 0.23278816644345535,
      "gamma_d_overall": 0.21562556411220732,
      "m_blurred_v_0": 0.4889264603667406,
      "m_blurred_v_1": 0.25459541270234354,
      "m_blurred_v_2": 0.226064118957775,
      "m_blurred_v_3": 0.18094308872408,
      "m_blurred_v_4": 0.16953212905321266,
      "m_blurred_v_overall": 0.1285120955335323,
      "m_blurred_h_0": 0.501374632816152,
      "m_blurred_h_1": 0.2596737400453322,
      "m_blurred_h_2": 0.23675680963100523,
      "m_blurred_h_3": 0.18761626815734633,
      "m_blurred_h_4": 0.1791780930029797,
      "m_blurred_h_overall": 0.13418323571942004
   },
   "Scharr": {
      "blurred_0": 0.32033105124651545,
      "blurred_1": 0.13253814659095123,
      "blurred_2": 0.0604063293665506,
      "blurred_3": 0.026105586715264615,
      "blurred_4": 0.010003785898117786,
      "blurred_overall": 0.02477884727082116,
      "scattered_0": 0.735943243517541,
      "scattered_1": 0.7249471248227035,
      "scattered_2": 0.7209232454335163,
      "scattered_3": 0.7187020179949359,
      "scattered_4": 0.7171829824232885,
      "scattered_overall": 0.4794421066245132,
      "noise_0": 0.7357696374941747,
      "noise_1": 0.6119971513244113,
      "noise_2": 0.5370012308610465,
      "noise_3": 0.48645616982084927,
      "noise_4": 0.4504280106090566,
      "noise_overall": 0.3298053443296852,
      "gamma_w_0": 0.9303234405272239,
      "gamma_w_1": 0.7015827341638742,
      "gamma_w_2": 0.547335072883421,
      "gamma_w_3": 0.4336270434946967,
      "gamma_w_4": 0.3493965142868882,
      "gamma_w_overall": 0.2996480045041573,
      "gamma_d_0": 0.9220002929490934,
      "gamma_d_1": 0.6035245460698496,